{
   "dashboards": [{
      "autoswitchEnabled": false,
      "columnCount": 1,
      "columnProportion": "1",
      "creationTime": 1542066256309,
      "dashboardNavigations": {},
      "description": "",
      "disabled": false,
      "gridsterMaxColumns": 12,
      "hidden": false,
      "homeTab": false,
      "id": "60c705ff-75b7-401e-b7c5-1f53349c16b6",
      "importAttempts": 0,
      "importComplete": true,
      "isDefault": false,
      "locked": false,
      "name": "Infrastructure Issues",
      "rank": 96,
      "shared": false,
      "temporary": false,
      "userId": "858abcc3-fcb1-4553-abe2-43a1ab94ef74",
      "widgetInteractions": [
         {
            "type": "resourceId",
            "widgetIdProvider": "da4b4966-11e7-4946-aeaf-76d263a3a62c",
            "widgetIdReceiver": "8eba6739-1dd8-45fc-8a1e-02fd4f9c142f"
         },
         {
            "type": "resourceId",
            "widgetIdProvider": "da4b4966-11e7-4946-aeaf-76d263a3a62c",
            "widgetIdReceiver": "b8bced1f-fab6-4f31-b0a2-49eb305a54ec"
         },
         {
            "type": "resourceId",
            "widgetIdProvider": "da4b4966-11e7-4946-aeaf-76d263a3a62c",
            "widgetIdReceiver": "2f6f4422-f56c-4bcb-87fe-e0ffa8567a2e"
         },
         {
            "type": "resourceId",
            "widgetIdProvider": "da4b4966-11e7-4946-aeaf-76d263a3a62c",
            "widgetIdReceiver": "6d3e1e1f-2f4b-4fd3-9ec8-94104e751321"
         },
         {
            "type": "resourceId",
            "widgetIdProvider": "da4b4966-11e7-4946-aeaf-76d263a3a62c",
            "widgetIdReceiver": "4101bea7-cc5a-40d5-81f7-07df38f786f1"
         },
         {
            "type": "resourceId",
            "widgetIdProvider": "da4b4966-11e7-4946-aeaf-76d263a3a62c",
            "widgetIdReceiver": "35b26c8e-590c-441a-829d-307384e23055"
         },
         {
            "type": "resourceId",
            "widgetIdProvider": "da4b4966-11e7-4946-aeaf-76d263a3a62c",
            "widgetIdReceiver": "38587667-f97b-4dcf-b71b-f63e6fb4a88d"
         },
         {
            "type": "resourceId",
            "widgetIdProvider": "da4b4966-11e7-4946-aeaf-76d263a3a62c",
            "widgetIdReceiver": "5de1fb0d-8450-4cd5-afca-2e2d7c260580"
         },
         {
            "type": "resourceId",
            "widgetIdProvider": "da4b4966-11e7-4946-aeaf-76d263a3a62c",
            "widgetIdReceiver": "c22d82e1-3ab8-4bd3-9afe-29cfc855d24e"
         },
         {
            "type": "resourceId",
            "widgetIdProvider": "da4b4966-11e7-4946-aeaf-76d263a3a62c",
            "widgetIdReceiver": "db343e54-3bb8-46ef-8c6f-88406dbcfe57"
         },
         {
            "type": "resourceId",
            "widgetIdProvider": "da4b4966-11e7-4946-aeaf-76d263a3a62c",
            "widgetIdReceiver": "7b9b56b5-cd81-4ab7-9d17-82982946bf8e"
         },
         {
            "type": "resourceId",
            "widgetIdProvider": "da4b4966-11e7-4946-aeaf-76d263a3a62c",
            "widgetIdReceiver": "bcad1c9c-091f-482e-8740-014cb3033498"
         },
         {
            "type": "resourceId",
            "widgetIdProvider": "da4b4966-11e7-4946-aeaf-76d263a3a62c",
            "widgetIdReceiver": "97af1f99-b481-4179-b771-c943d5dfb099"
         },
         {
            "type": "resourceId",
            "widgetIdProvider": "da4b4966-11e7-4946-aeaf-76d263a3a62c",
            "widgetIdReceiver": "0b80cd1c-a872-4a34-89e0-7f22776258cb"
         }
      ],
      "widgets": [
         {
            "collapsed": false,
            "config": {
               "additionalColumns": [],
               "mode": 0,
               "refreshContent": {"refreshContent": false},
               "refreshInterval": 300,
               "selectFirstRow": {"selectFirstRow": false},
               "tagFilter": {
                  "path": ["/source/kind/kind:resourceKind:id:0_::_"],
                  "value": {
                     "adapterInstance": [],
                     "adapterKind": [],
                     "bus": [],
                     "collector": [],
                     "day": [],
                     "exclaim": false,
                     "healthRange": [],
                     "kind": ["resourceKind:id:0_::_"],
                     "maintenanceSchedule": [],
                     "state": [],
                     "status": [],
                     "tag": [],
                     "tier": []
                  }
               },
               "title": "Object List"
            },
            "gridsterCoords": {
               "h": 6,
               "w": 4,
               "x": 1,
               "y": 1
            },
            "height": 324,
            "id": "da4b4966-11e7-4946-aeaf-76d263a3a62c",
            "states": [{
               "key": "permResGrid_widget_60c705ff-75b7-401e-b7c5-1f53349c16b6_da4b4966-11e7-4946-aeaf-76d263a3a62c",
               "value": "o%3Acolumns%3Da%253Ao%25253Aid%25253Ds%2525253Ah1%25255Ehidden%25253Db%2525253A1%25255Ewidth%25253Dn%2525253A100%255Eo%25253Aid%25253Ds%2525253Ah2%255Eo%25253Aid%25253Ds%2525253Ah3%25255Ehidden%25253Db%2525253A1%25255Ewidth%25253Dn%2525253A100%255Eo%25253Aid%25253Ds%2525253Ah4%255Eo%25253Aid%25253Ds%2525253Ah5%255Eo%25253Aid%25253Ds%2525253Ah6%255Eo%25253Aid%25253Ds%2525253Ah7%25255Ehidden%25253Db%2525253A1%25255Ewidth%25253Dn%2525253A100%255Eo%25253Aid%25253Ds%2525253Ah8%25255Ehidden%25253Db%2525253A1%25255Ewidth%25253Dn%2525253A100%255Eo%25253Aid%25253Ds%2525253Ah9%25255Ehidden%25253Db%2525253A1%25255Ewidth%25253Dn%2525253A100%255Eo%25253Aid%25253Ds%2525253Ah10%25255Ehidden%25253Db%2525253A1%25255Ewidth%25253Dn%2525253A100%255Eo%25253Aid%25253Ds%2525253Ah11%25255Ehidden%25253Db%2525253A1%25255Ewidth%25253Dn%2525253A100%255Eo%25253Aid%25253Ds%2525253Ah12%25255Ehidden%25253Db%2525253A1%25255Ewidth%25253Dn%2525253A100%255Eo%25253Aid%25253Ds%2525253Ah13%25255Ehidden%25253Db%2525253A1%25255Ewidth%25253Dn%2525253A100%255Eo%25253Aid%25253Ds%2525253Ah14%255Eo%25253Aid%25253Ds%2525253Ah15%25255Ehidden%25253Db%2525253A0%255Eo%25253Aid%25253Ds%2525253Ah16%25255Ehidden%25253Db%2525253A1%25255Ewidth%25253Dn%2525253A100%255Eo%25253Aid%25253Ds%2525253Ah17%25255Ehidden%25253Db%2525253A1%25255Ewidth%25253Dn%2525253A100%255Eo%25253Aid%25253Ds%2525253Ah18%25255Ehidden%25253Db%2525253A1%25255Ewidth%25253Dn%2525253A100%255Eo%25253Aid%25253Ds%2525253Ah19%25255Ehidden%25253Db%2525253A1%25255Ewidth%25253Dn%2525253A100%255Eo%25253Aid%25253Ds%2525253Ah20%25255Ehidden%25253Db%2525253A1%25255Ewidth%25253Dn%2525253A100%255Eo%25253Aid%25253Ds%2525253Ah21%25255Ehidden%25253Db%2525253A1%25255Ewidth%25253Dn%2525253A100%255Eo%25253Aid%25253Ds%2525253Ah22%25255Ehidden%25253Db%2525253A1%25255Ewidth%25253Dn%2525253A100%255Eo%25253Aid%25253Ds%2525253Ah23%25255Ehidden%25253Db%2525253A1%25255Ewidth%25253Dn%2525253A100%255Eo%25253Aid%25253Ds%2525253Ah24%25255Ehidden%25253Db%2525253A1%25255Ewidth%25253Dn%2525253A100%255Eo%25253Aid%25253Ds%2525253Ah25%25255Ehidden%25253Db%2525253A1%25255Ewidth%25253Dn%2525253A100%255Eo%25253Aid%25253Ds%2525253Ah26%25255Ehidden%25253Db%2525253A1%25255Ewidth%25253Dn%2525253A100%255Eo%25253Aid%25253Ds%2525253Ah27%25255Ehidden%25253Db%2525253A1%25255Ewidth%25253Dn%2525253A100%255Eo%25253Aid%25253Ds%2525253Ah28%25255Ehidden%25253Db%2525253A1%25255Ewidth%25253Dn%2525253A100%255Eo%25253Aid%25253Ds%2525253Ah29%25255Ehidden%25253Db%2525253A1%25255Ewidth%25253Dn%2525253A100%255Eo%25253Aid%25253Ds%2525253Ah30%25255Ehidden%25253Db%2525253A1%25255Ewidth%25253Dn%2525253A100%255Eo%25253Aid%25253Ds%2525253Ah31%25255Ehidden%25253Db%2525253A1%25255Ewidth%25253Dn%2525253A100%255Eo%25253Aid%25253Ds%2525253Ah32%25255Ehidden%25253Db%2525253A1%25255Ewidth%25253Dn%2525253A100%255Eo%25253Aid%25253Ds%2525253Ah33%25255Ehidden%25253Db%2525253A1%25255Ewidth%25253Dn%2525253A100%255Eo%25253Aid%25253Ds%2525253Ah34%25255Ehidden%25253Db%2525253A1%25255Ewidth%25253Dn%2525253A100%255Eo%25253Aid%25253Ds%2525253Ah35%25255Ehidden%25253Db%2525253A1%25255Ewidth%25253Dn%2525253A100%255Eo%25253Aid%25253Ds%2525253Ah36%25255Ehidden%25253Db%2525253A1%25255Ewidth%25253Dn%2525253A100%255Eo%25253Aid%25253Ds%2525253Ah37%25255Ehidden%25253Db%2525253A1%25255Ewidth%25253Dn%2525253A100%255Eo%25253Aid%25253Ds%2525253Ah38%25255Ehidden%25253Db%2525253A1%25255Ewidth%25253Dn%2525253A100%255Eo%25253Aid%25253Ds%2525253Ah39%25255Ehidden%25253Db%2525253A1%25255Ewidth%25253Dn%2525253A100%255Eo%25253Aid%25253Ds%2525253Ah40%25255Ehidden%25253Db%2525253A1%25255Ewidth%25253Dn%2525253A100%255Eo%25253Aid%25253Ds%2525253Ah41%25255Ehidden%25253Db%2525253A1%25255Ewidth%25253Dn%2525253A100%255Eo%25253Aid%25253Ds%2525253Ah42%25255Ehidden%25253Db%2525253A1%25255Ewidth%25253Dn%2525253A100%255Eo%25253Aid%25253Ds%2525253Ah43%25255Ehidden%25253Db%2525253A1%25255Ewidth%25253Dn%2525253A100%255Eo%25253Aid%25253Ds%2525253Ah44%25255Ehidden%25253Db%2525253A1%25255Ewidth%25253Dn%2525253A100%255Eo%25253Aid%25253Ds%2525253Ah45%25255Ehidden%25253Db%2525253A1%25255Ewidth%25253Dn%2525253A100%255Eo%25253Aid%25253Ds%2525253Ah46%25255Ehidden%25253Db%2525253A1%25255Ewidth%25253Dn%2525253A100"
            }],
            "title": "Object List",
            "type": "ResourceList"
         },
         {
            "collapsed": false,
            "config": {
               "chartViewItems": [],
               "refreshContent": {"refreshContent": false},
               "refreshInterval": 300,
               "resource": null,
               "selectFirstRow": {"selectFirstRow": false},
               "selfProvider": {"selfProvider": false},
               "title": "Cluster HA is Disabled",
               "traversalSpecId": "",
               "viewDefinitionId": "24ecae29-9786-4757-be3f-83b7c4f299d4"
            },
            "gridsterCoords": {
               "h": 6,
               "w": 4,
               "x": 5,
               "y": 1
            },
            "height": 324,
            "id": "8eba6739-1dd8-45fc-8a1e-02fd4f9c142f",
            "title": "Cluster HA is Disabled",
            "type": "View"
         },
         {
            "collapsed": false,
            "config": {
               "chartViewItems": [],
               "refreshContent": {"refreshContent": false},
               "refreshInterval": 300,
               "resource": null,
               "selectFirstRow": {"selectFirstRow": false},
               "selfProvider": {"selfProvider": false},
               "title": "Cluster Admission Control",
               "traversalSpecId": "",
               "viewDefinitionId": "864261d3-b3dd-4936-ae38-ee7ea0170d77"
            },
            "gridsterCoords": {
               "h": 6,
               "w": 4,
               "x": 9,
               "y": 1
            },
            "height": 324,
            "id": "b8bced1f-fab6-4f31-b0a2-49eb305a54ec",
            "title": "Cluster Admission Control",
            "type": "View"
         },
         {
            "collapsed": false,
            "config": {
               "chartViewItems": [],
               "refreshContent": {"refreshContent": false},
               "refreshInterval": 300,
               "resource": null,
               "selectFirstRow": {"selectFirstRow": false},
               "selfProvider": {"selfProvider": false},
               "title": "Cluster DRS Settings is Disabled",
               "traversalSpecId": "",
               "viewDefinitionId": "864261d3-b3dd-4936-ae38-ee7ea0170d77"
            },
            "gridsterCoords": {
               "h": 6,
               "w": 4,
               "x": 1,
               "y": 7
            },
            "height": 324,
            "id": "6d3e1e1f-2f4b-4fd3-9ec8-94104e751321",
            "title": "Cluster DRS Settings is Disabled",
            "type": "View"
         },
         {
            "collapsed": false,
            "config": {
               "chartViewItems": [],
               "refreshContent": {"refreshContent": false},
               "refreshInterval": 300,
               "resource": null,
               "selectFirstRow": {"selectFirstRow": false},
               "selfProvider": {"selfProvider": false},
               "title": "Datastore Used Space > 90%",
               "traversalSpecId": "",
               "viewDefinitionId": "f812f178-9884-476e-9d2a-78b751a53cdd"
            },
            "gridsterCoords": {
               "h": 6,
               "w": 4,
               "x": 9,
               "y": 19
            },
            "height": 324,
            "id": "4101bea7-cc5a-40d5-81f7-07df38f786f1",
            "title": "Datastore Used Space > 90%",
            "type": "View"
         },
         {
            "collapsed": false,
            "config": {
               "chartViewItems": [],
               "refreshContent": {"refreshContent": false},
               "refreshInterval": 300,
               "resource": null,
               "selectFirstRow": {"selectFirstRow": false},
               "selfProvider": {"selfProvider": false},
               "title": "Host is Disconnected",
               "traversalSpecId": "",
               "viewDefinitionId": "9997564e-9e42-459f-bfb2-fbb2aa1c2e97"
            },
            "gridsterCoords": {
               "h": 6,
               "w": 4,
               "x": 5,
               "y": 7
            },
            "height": 324,
            "id": "2f6f4422-f56c-4bcb-87fe-e0ffa8567a2e",
            "title": "Host is Disconnected",
            "type": "View"
         },
         {
            "collapsed": false,
            "config": {
               "chartViewItems": [],
               "refreshContent": {"refreshContent": false},
               "refreshInterval": 300,
               "resource": null,
               "selectFirstRow": {"selectFirstRow": false},
               "selfProvider": {"selfProvider": false},
               "title": "Host is Down",
               "traversalSpecId": "",
               "viewDefinitionId": "79e59e65-76d0-45f7-b231-b94a41df0b92"
            },
            "gridsterCoords": {
               "h": 6,
               "w": 4,
               "x": 1,
               "y": 13
            },
            "height": 324,
            "id": "35b26c8e-590c-441a-829d-307384e23055",
            "title": "Host is Down",
            "type": "View"
         },
         {
            "collapsed": false,
            "config": {
               "chartViewItems": [],
               "refreshContent": {"refreshContent": false},
               "refreshInterval": 300,
               "resource": null,
               "selectFirstRow": {"selectFirstRow": false},
               "selfProvider": {"selfProvider": false},
               "title": "Host Network Packet Drop",
               "traversalSpecId": "",
               "viewDefinitionId": "1dac4b32-c5fa-4cda-a73c-045ce2a69d58"
            },
            "gridsterCoords": {
               "h": 6,
               "w": 4,
               "x": 9,
               "y": 25
            },
            "height": 324,
            "id": "38587667-f97b-4dcf-b71b-f63e6fb4a88d",
            "title": "Host Network Packet Drop",
            "type": "View"
         },
         {
            "collapsed": false,
            "config": {
               "chartViewItems": [],
               "refreshContent": {"refreshContent": false},
               "refreshInterval": 300,
               "resource": null,
               "selectFirstRow": {"selectFirstRow": false},
               "selfProvider": {"selfProvider": false},
               "title": "Host SSH Enabled",
               "traversalSpecId": "",
               "viewDefinitionId": "6f82c60e-9e2c-4b6e-9f58-af601754fd16"
            },
            "gridsterCoords": {
               "h": 6,
               "w": 4,
               "x": 5,
               "y": 13
            },
            "height": 324,
            "id": "5de1fb0d-8450-4cd5-afca-2e2d7c260580",
            "title": "Host SSH Enabled",
            "type": "View"
         },
         {
            "collapsed": false,
            "config": {
               "chartViewItems": [],
               "refreshContent": {"refreshContent": false},
               "refreshInterval": 300,
               "resource": null,
               "selectFirstRow": {"selectFirstRow": false},
               "selfProvider": {"selfProvider": false},
               "title": "Datastore Read Latency > 10 (ms)",
               "traversalSpecId": "",
               "viewDefinitionId": "e1443c22-46ca-4925-badd-4e5f831b5607"
            },
            "gridsterCoords": {
               "h": 6,
               "w": 4,
               "x": 1,
               "y": 25
            },
            "height": 324,
            "id": "c22d82e1-3ab8-4bd3-9afe-29cfc855d24e",
            "title": "Datastore Read Latency > 10 (ms)",
            "type": "View"
         },
         {
            "collapsed": false,
            "config": {
               "chartViewItems": [],
               "refreshContent": {"refreshContent": false},
               "refreshInterval": 300,
               "resource": null,
               "selectFirstRow": {"selectFirstRow": false},
               "selfProvider": {"selfProvider": false},
               "title": "Datastore Write Latency > 10 (ms)",
               "traversalSpecId": "",
               "viewDefinitionId": "923361e8-130d-433e-b33c-3a142d5e87d6"
            },
            "gridsterCoords": {
               "h": 6,
               "w": 4,
               "x": 5,
               "y": 25
            },
            "height": 324,
            "id": "db343e54-3bb8-46ef-8c6f-88406dbcfe57",
            "title": "Datastore Write Latency > 10 (ms)",
            "type": "View"
         },
         {
            "collapsed": false,
            "config": {
               "chartViewItems": [],
               "refreshContent": {"refreshContent": false},
               "refreshInterval": 300,
               "resource": null,
               "selectFirstRow": {"selectFirstRow": false},
               "selfProvider": {"selfProvider": false},
               "title": "Host NTP Disabled",
               "traversalSpecId": "",
               "viewDefinitionId": "7f888628-0134-4ce6-a3c4-06defe629dea"
            },
            "gridsterCoords": {
               "h": 6,
               "w": 4,
               "x": 9,
               "y": 13
            },
            "height": 324,
            "id": "97af1f99-b481-4179-b771-c943d5dfb099",
            "title": "Host NTP Disabled",
            "type": "View"
         },
         {
            "collapsed": false,
            "config": {
               "chartViewItems": [],
               "refreshContent": {"refreshContent": false},
               "refreshInterval": 300,
               "resource": null,
               "selectFirstRow": {"selectFirstRow": false},
               "selfProvider": {"selfProvider": false},
               "title": "Host CPU Usage > 80%",
               "traversalSpecId": "",
               "viewDefinitionId": "eefeec1b-daa6-4ebc-b1c9-6c7e8491de66"
            },
            "gridsterCoords": {
               "h": 6,
               "w": 4,
               "x": 5,
               "y": 19
            },
            "height": 324,
            "id": "0b80cd1c-a872-4a34-89e0-7f22776258cb",
            "title": "Host CPU Usage > 80%",
            "type": "View"
         },
         {
            "collapsed": false,
            "config": {
               "chartViewItems": [],
               "refreshContent": {"refreshContent": false},
               "refreshInterval": 300,
               "resource": null,
               "selectFirstRow": {"selectFirstRow": false},
               "selfProvider": {"selfProvider": false},
               "title": "Host MEM Usage > 80%",
               "traversalSpecId": "",
               "viewDefinitionId": "692b0119-0bd3-43b1-89ed-53152fe9822c"
            },
            "gridsterCoords": {
               "h": 6,
               "w": 4,
               "x": 1,
               "y": 19
            },
            "height": 324,
            "id": "bcad1c9c-091f-482e-8740-014cb3033498",
            "title": "Host MEM Usage > 80%",
            "type": "View"
         },
         {
            "collapsed": false,
            "config": {
               "chartViewItems": [],
               "refreshContent": {"refreshContent": false},
               "refreshInterval": 300,
               "resource": null,
               "selectFirstRow": {"selectFirstRow": false},
               "selfProvider": {"selfProvider": false},
               "title": "Host in Maintentance Mode",
               "traversalSpecId": "",
               "viewDefinitionId": "b844e8bb-10ee-42f2-861d-fb0a25e1a774"
            },
            "gridsterCoords": {
               "h": 6,
               "w": 4,
               "x": 9,
               "y": 7
            },
            "height": 324,
            "id": "7b9b56b5-cd81-4ab7-9d17-82982946bf8e",
            "title": "Host in Maintentance Mode",
            "type": "View"
         }
      ]
   }],
   "entries": {"resourceKind": [{
      "adapterKindKey": "VMWARE",
      "internalId": "resourceKind:id:0_::_",
      "resourceKindKey": "VMwareAdapter Instance"
   }]},
   "uuid": "05b141ff-918b-495d-a3c2-398f0494d90e"
}