<?xml version="1.0" encoding="UTF-8" standalone="yes"?>
<Content>
    <Views>
        <ViewDef id="eefeec1b-daa6-4ebc-b1c9-6c7e8491de66">
            <Title>Host CPU Usage &gt; 80%</Title>
            <Description/>
            <SubjectType adapterKind="VMWARE" filter="[[{&quot;condition&quot;:&quot;GREATER_THAN&quot;,&quot;metricKey&quot;:&quot;cpu|usage_average&quot;,&quot;metricValue&quot;:{&quot;isStringMetric&quot;:false,&quot;value&quot;:80},&quot;filterType&quot;:&quot;metrics&quot;}]]" resourceKind="HostSystem" type="descendant"/>
            <SubjectType adapterKind="VMWARE" filter="[[{&quot;condition&quot;:&quot;GREATER_THAN&quot;,&quot;metricKey&quot;:&quot;cpu|usage_average&quot;,&quot;metricValue&quot;:{&quot;isStringMetric&quot;:false,&quot;value&quot;:80},&quot;filterType&quot;:&quot;metrics&quot;}]]" resourceKind="HostSystem" type="self"/>
            <Usage>dashboard</Usage>
            <Usage>report</Usage>
            <Usage>details</Usage>
            <Usage>content</Usage>
            <Controls>
                <Control id="time-interval-selector_id_415" type="time-interval-selector" visible="false">
                    <Property name="advancedTimeMode" value="false"/>
                    <Property name="unit" value="MINUTES"/>
                    <Property name="count" value="1"/>
                </Control>
                <Control id="attributes-selector_id_416" type="attributes-selector" visible="false">
                    <Property name="attributeInfos">
                        <List>
                            <Item>
<Value>
    <Property name="objectType" value="RESOURCE"/>
    <Property name="attributeKey" value="cpu|usage_average"/>
    <Property name="preferredUnitId" value="percent"/>
    <Property name="isStringAttribute" value="false"/>
    <Property name="adapterKind" value="VMWARE"/>
    <Property name="resourceKind" value="HostSystem"/>
    <Property name="rollUpType" value="NONE"/>
    <Property name="rollUpCount" value="0"/>
    <Property name="transformations">
        <List>
            <Item value="LAST"/>
        </List>
    </Property>
    <Property name="sortCriteria" value="false"/>
    <Property name="isProperty" value="false"/>
    <Property name="yellowBound" value="80"/>
    <Property name="orangeBound" value="85"/>
    <Property name="redBound" value="90"/>
    <Property name="ascendingRange" value="false"/>
</Value>
                            </Item>
                        </List>
                    </Property>
                </Control>
                <Control id="pagination-control_id_417" type="pagination-control" visible="true">
                    <Property name="start" value="0"/>
                    <Property name="size" value="50"/>
                </Control>
                <Control id="metadata_id_418" type="metadata" visible="false">
                    <Property name="maxPointsCount" value="5000"/>
                    <Property name="distributionColor" value="6870C4"/>
                    <Property name="hideObjectNameColumn" value="false"/>
                    <Property name="listTopResultSize" value="-1"/>
                </Control>
            </Controls>
            <DataProviders>
                <DataProvider dataType="list-view" id="list-view_id_414"/>
            </DataProviders>
            <Presentation type="list"/>
        </ViewDef>
    </Views>
</Content>
